Date,Team,Vs,Player,Dismissal,R,B,M,4s,6s,SR,Chase,Win
7.2.26,Netherlands,Pakistan,Michael Levitt,c Afridi b Nawaz,24,15,23,3,1,160.0,0,0
7.2.26,Netherlands,Pakistan,Max O'Dowd,c ?Usman b Mirza,5,7,16,1,0,71.42,0,0
7.2.26,Netherlands,Pakistan,Bas de Leede,c Babar b Nawaz,30,25,42,4,0,120.0,0,0
7.2.26,Netherlands,Pakistan,Colin Ackermann,b Abrar Ahmed,20,14,16,4,0,142.85,0,0
7.2.26,Netherlands,Pakistan,Scott Edwards (c)?,c Farhan b Abrar,37,29,32,3,1,127.58,0,0
7.2.26,Netherlands,Pakistan,Zach Lion-Cachet,c Nawaz b Saim,9,8,18,1,0,112.5,0,0
7.2.26,Netherlands,Pakistan,Logan van Beek,c Salman b Saim,0,1,2,0,0,0.0,0,0
7.2.26,Netherlands,Pakistan,Aryan Dutt,c Farhan b Mirza,13,8,15,2,0,162.5,0,0
7.2.26,Netherlands,Pakistan,Roelof van der Merwe,c Salman b Afridi,4,9,8,0,0,44.44,0,0
7.2.26,Netherlands,Pakistan,Kyle Klein,not out,2,2,6,0,0,100.0,0,0
7.2.26,Netherlands,Pakistan,Paul van Meekeren,c ?Usman b Mirza,0,1,1,0,0,0.0,0,0
7.2.26,Pakistan,Netherlands,Sahibzada Farhan,c v.d. Merwe b Meekeren,47,31,53,4,2,151.61,1,1
7.2.26,Pakistan,Netherlands,Saim Ayub,c v.d. Merwe b Dutt,24,13,11,4,1,184.61,1,1
7.2.26,Pakistan,Netherlands,Salman Agha (c),c Levitt b Dutt,12,8,11,3,0,150.0,1,1
7.2.26,Pakistan,Netherlands,Babar Azam,c Klein b v.d. Merwe,15,18,37,1,0,83.33,1,1
7.2.26,Pakistan,Netherlands,Usman Khan ?,b van Meekeren,0,2,2,0,0,0.0,1,1
7.2.26,Pakistan,Netherlands,Shadab Khan,c ?Edwards b van Beek,8,12,26,0,0,66.66,1,1
7.2.26,Pakistan,Netherlands,Mohammad Nawaz,c ?Edwards b Klein,6,13,19,0,0,46.15,1,1
7.2.26,Pakistan,Netherlands,Faheem Ashraf,not out,29,11,19,2,3,263.63,1,1
7.2.26,Pakistan,Netherlands,Shaheen Shah Afridi,not out,5,9,16,0,0,55.55,1,1
7.2.26,West Indies,Scotland,Shimron Hetmyer,c McMullen b Sharif,64,36,54,2,6,177.77,1,1
7.2.26,West Indies,Scotland,Brandon King,c Munsey b Davidson,35,30,42,4,1,116.66,1,1
7.2.26,West Indies,Scotland,Sherfane Rutherford,c Jones b Currie,26,13,19,4,1,200.0,1,1
7.2.26,West Indies,Scotland,Rovman Powell,c Jones b Currie,24,14,32,1,2,171.42,1,1
7.2.26,West Indies,Scotland,Shai Hope (c)?,b Leask,19,22,36,2,0,86.36,1,1
7.2.26,West Indies,Scotland,Romario Shepherd,not out,6,3,6,0,1,200.0,1,1
7.2.26,West Indies,Scotland,Matthew Forde,not out,1,2,4,0,0,50.0,1,1
7.2.26,Scotland,West Indies,Richie Berrington (c),c Joseph b Holder,42,24,45,3,2,175.0,0,0
7.2.26,Scotland,West Indies,Tom Bruce,lbw b Motie,35,28,44,1,2,125.0,0,0
7.2.26,Scotland,West Indies,George Munsey,c Hetmyer b Joseph,19,15,28,3,0,126.66,0,0
7.2.26,Scotland,West Indies,Mark Watt,c Shepherd b Holder,15,12,26,2,0,125.0,0,0
7.2.26,Scotland,West Indies,Brandon McMullen,b Shepherd,14,12,15,1,1,116.66,0,0
7.2.26,Scotland,West Indies,Matthew Cross ?,c Rutherford b Shepherd,11,11,17,1,0,100.0,0,0
7.2.26,Scotland,West Indies,Brad Currie,not out,2,3,9,0,0,66.66,0,0
7.2.26,Scotland,West Indies,Michael Jones,c Rutherford b Holder,1,5,7,0,0,20.0,0,0
7.2.26,Scotland,West Indies,Michael Leask,c Powell b Shepherd,0,1,1,0,0,0.0,0,0
7.2.26,Scotland,West Indies,Oliver Davidson,b Shepherd,0,1,1,0,0,0.0,0,0
7.2.26,Scotland,West Indies,Safyaan Sharif,c Holder b Shepherd,0,2,2,0,0,0.0,0,0
7.2.26,India,USA,Ishan Kishan ?,c MilIndia Kumar b van Schalkwyk,20,16,27,1,2,125.0,1,1
7.2.26,India,USA,Abhishek Sharma,c Krishnamurthi b Ali Khan,0,1,8,0,0,0.0,1,1
7.2.26,India,USA,Tilak Varma,c Patel b van Schalkwyk,25,16,25,3,1,156.25,1,1
7.2.26,India,USA,Suryakumar Yadav (c),not out,84,49,77,10,4,171.42,1,1
7.2.26,India,USA,Shivam Dube,c Netravalkar b van Schalkwyk,0,1,1,0,0,0.0,1,1
7.2.26,India,USA,Rinku Singh,c MilIndia Kumar b Mohammad Mohsin,6,14,20,0,0,42.85,1,1
7.2.26,India,USA,Hardik Pandya,c Mukkamalla b Harmeet Singh,5,6,4,1,0,83.33,1,1
7.2.26,India,USA,Axar Patel,c Mohammad Mohsin b Harmeet Singh,14,11,23,2,0,127.27,1,1
7.2.26,India,USA,Arshdeep Singh,c MilIndia Kumar b van Schalkwyk,4,6,16,1,0,66.66,1,1
7.2.26,India,USA,Varun Chakravarthy,run out (Mohammad Mohsin/?Gous),0,0,6,0,0,0.0,1,1
7.2.26,USA,India,Andries Gous ?,c Tilak Varma b Mohammed Siraj,6,9,8,0,1,66.66,0,0
7.2.26,USA,India,Saiteja Mukkamalla,c Varun b Mohammed Siraj,2,7,17,0,0,28.57,0,0
7.2.26,USA,India,Monank Patel (c),c Dube b Arshdeep Singh,0,2,3,0,0,0.0,0,0
7.2.26,USA,India,MilIndia Kumar,st ?Ishan Kishan b Varun,34,34,44,3,1,100.0,0,0
7.2.26,USA,India,Sanjay Krishnamurthi,c Singh b Patel,37,31,55,1,2,119.35,0,0
7.2.26,USA,India,Shubham Ranjane,lbw b Mohammed Siraj,37,22,40,2,3,168.18,0,0
7.2.26,USA,India,Harmeet Singh,c Mohammed Siraj b Patel,0,1,1,0,0,0.0,0,0
7.2.26,USA,India,Mohammad Mohsin,c Tilak Varma b Arshdeep Singh,8,9,10,1,0,88.88,0,0
7.2.26,USA,India,Shadley van Schalkwyk,not out,2,5,11,0,0,40.0,0,0
8.2.26,Afghanistan,New Zealand,Rahmanullah Gurbaz ?,b Ferguson,27,22,32,2,1,122.72,0,0
8.2.26,Afghanistan,New Zealand,Ibrahim Zadran,c Phillips b Ferguson,10,12,25,1,0,83.33,0,0
8.2.26,Afghanistan,New Zealand,Gulbadin Naib,c ?Seifert b RavIndiara,63,35,59,3,4,180.0,0,0
8.2.26,Afghanistan,New Zealand,Sediqullah Atal,c ?Seifert b Duffy,29,24,40,2,0,120.83,0,0
8.2.26,Afghanistan,New Zealand,Darwish Rasooli,c Phillips b Henry,20,13,18,1,1,153.84,0,0
8.2.26,Afghanistan,New Zealand,Azmatullah Omarzai,run out (Neesham/Ferguson),14,7,13,0,2,200.0,0,0
8.2.26,Afghanistan,New Zealand,Mohammad Nabi,not out,10,7,8,0,1,142.85,0,0
8.2.26,New Zealand,Afghanistan,Tim Seifert ?,c Azmatullah Omarzai b Mohammad Nabi,65,42,62,7,3,154.76,1,1
8.2.26,New Zealand,Afghanistan,Finn Allen,b Mujeeb Ur Rahman,1,2,7,0,0,50.0,1,1
8.2.26,New Zealand,Afghanistan,Rachin RavIndiara,b Mujeeb Ur Rahman,0,1,1,0,0,0.0,1,1
8.2.26,New Zealand,Afghanistan,Glenn Phillips,b Rashid Khan,42,25,37,7,1,168.0,1,1
8.2.26,New Zealand,Afghanistan,Mark Chapman,c Rashid Khan b Azmatullah Omarzai,28,17,30,2,1,164.7,1,1
8.2.26,New Zealand,Afghanistan,Daryl Mitchell,not out,25,14,28,1,1,178.57,1,1
8.2.26,New Zealand,Afghanistan,Mitchell Santner (c),not out,17,8,12,2,1,212.5,1,1
8.2.26,Ireland,Sri Lanka,Paul Stirling (c),b Theekshana,6,13,17,1,0,46.15,0,0
8.2.26,Ireland,Sri Lanka,Ross Adair,b Hasaranga,34,23,40,5,1,147.82,0,0
8.2.26,Ireland,Sri Lanka,Harry Tector,c Rathnayake b Hasaranga,40,34,62,1,0,117.64,0,0
8.2.26,Ireland,Sri Lanka,LorCanada Tucker ?,c Mishara b Wellalage,21,18,34,2,0,116.66,0,0
8.2.26,Ireland,Sri Lanka,Curtis Campher,c Shanaka b Hasaranga,13,11,17,1,0,118.18,0,0
8.2.26,Ireland,Sri Lanka,Ben Calitz,st ?BKG Mendis b Theekshana,4,4,5,0,0,100.0,0,0
8.2.26,Ireland,Sri Lanka,Gareth Delany,c Chameera b Theekshana,0,1,1,0,0,0.0,0,0
8.2.26,Ireland,Sri Lanka,George Dockrell,c PHKD Mendis b Pathirana,9,7,16,1,0,128.57,0,0
8.2.26,Ireland,Sri Lanka,Mark Adair,c Shanaka b Chameera,10,6,7,1,0,166.66,0,0
8.2.26,Ireland,Sri Lanka,Barry McCarthy,not out,0,0,5,0,0,0.0,0,0
8.2.26,Ireland,Sri Lanka,Matthew Humphreys,b Pathirana,0,2,2,0,0,0.0,0,0
8.2.26,Sri Lanka,Ireland,Pathum Nissanka,c Stirling b Dockrell,24,23,41,1,1,104.34,1,1
8.2.26,Sri Lanka,Ireland,Kamil Mishara,c McCarthy b MR Adair,14,11,19,2,0,127.27,1,1
8.2.26,Sri Lanka,Ireland,Kusal Mendis ?,not out,56,43,92,5,0,130.23,1,1
8.2.26,Sri Lanka,Ireland,Pavan Rathnayake,b Dockrell,5,9,7,0,0,55.55,1,1
8.2.26,Sri Lanka,Ireland,Dunith Wellalage,c Dockrell b Delany,10,13,18,0,0,76.92,1,1
8.2.26,Sri Lanka,Ireland,KamIndiau Mendis,c Dockrell b McCarthy,44,19,29,4,2,231.57,1,1
8.2.26,Sri Lanka,Ireland,Dasun Shanaka (c),c MR Adair b McCarthy,0,1,1,0,0,0.0,1,1
8.2.26,Sri Lanka,Ireland,WanIndiau Hasaranga,not out,1,2,7,0,0,50.0,1,1
9.2.26,South Africa,Canada,Aiden Markram (c),c Heyliger b Patel,59,32,51,10,1,184.37,0,1
9.2.26,South Africa,Canada,Quinton de Kock ?,b Bajwa,25,22,32,2,0,113.63,0,1
9.2.26,South Africa,Canada,Ryan Rickelton,c Thaker b Patel,33,21,29,3,1,157.14,0,1
9.2.26,South Africa,Canada,Dewald Brevis,c Kirton b Patel,6,6,15,1,0,100.0,0,1
9.2.26,South Africa,Canada,David Miller,not out,39,23,37,1,3,169.56,0,1
9.2.26,South Africa,Canada,Tristan Stubbs,not out,34,19,34,2,2,178.94,0,1
9.2.26,Canada,South Africa,Dilpreet Bajwa (c),c ?de Kock b Ngidi,0,1,1,0,0,0.0,1,0
9.2.26,Canada,South Africa,Yuvraj Samra,c ?de Kock b Ngidi,12,8,13,3,0,150.0,1,0
9.2.26,Canada,South Africa,Navneet Dhaliwal,c Stubbs b Bosch,64,49,99,7,1,130.61,1,0
9.2.26,Canada,South Africa,Nicholas Kirton,c Rabada b Ngidi,4,3,2,1,0,133.33,1,0
9.2.26,Canada,South Africa,Shreyas Movva ?,b Rabada,9,11,13,2,0,81.81,1,0
9.2.26,Canada,South Africa,Harsh Thaker,c Rabada b Ngidi,33,29,42,2,2,113.79,1,0
9.2.26,Canada,South Africa,Saad Bin Zafar,c Bosch b Jansen,11,12,14,1,0,91.66,1,0
9.2.26,Canada,South Africa,Jaskaran Singh,c Stubbs b Jansen,0,1,1,0,0,0.0,1,0
9.2.26,Canada,South Africa,Dilon Heyliger,not out,4,5,12,0,0,80.0,1,0
9.2.26,Canada,South Africa,Kaleem Sana,not out,5,3,3,1,0,166.66,1,0
9.2.26,Oman,Zimbabwe,Aamir Kaleem,c Myers b Muzarabani,5,7,19,1,0,71.42,0,0
9.2.26,Oman,Zimbabwe,JatIndiaer Singh (c),b Muzarabani,5,5,6,1,0,100.0,0,0
9.2.26,Oman,Zimbabwe,Hammad Mirza,c ?Taylor b Ngarava,0,5,5,0,0,0.0,0,0
9.2.26,Oman,Zimbabwe,Karan Sonavale,c ?Taylor b Muzarabani,0,6,8,0,0,0.0,0,0
9.2.26,Oman,Zimbabwe,Wasim Ali,b Sikandar Raza,3,8,18,0,0,37.5,0,0
9.2.26,Oman,Zimbabwe,Sufyan Mehmood,c Musekiwa b Evans,25,39,54,2,0,64.1,0,0
9.2.26,Oman,Zimbabwe,Vinayak Shukla ?,c ?Taylor b Ngarava,28,21,29,4,0,133.33,0,0
9.2.26,Oman,Zimbabwe,Jiten Ramanandi,c Myers b Ngarava,1,3,3,0,0,33.33,0,0
9.2.26,Oman,Zimbabwe,Nadeem Khan,c Bennett b Evans,20,18,25,1,1,111.11,0,0
9.2.26,Oman,Zimbabwe,Shakeel Ahmed,b Evans,4,5,14,0,0,80.0,0,0
9.2.26,Oman,Zimbabwe,Shah Faisal,not out,5,2,4,1,0,250.0,0,0
9.2.26,Zimbabwe,Oman,Brian Bennett,not out,48,36,61,7,0,133.33,1,1
9.2.26,Zimbabwe,Oman,Tadiwanashe Marumani,c Wasim Ali b Sufyan Mehmood,21,11,15,5,0,190.9,1,1
9.2.26,Zimbabwe,Oman,Dion Myers,c ?Shukla b Sufyan Mehmood,0,2,2,0,0,0.0,1,1
9.2.26,Zimbabwe,Oman,Brendan Taylor ?,retired hurt,31,30,39,3,0,103.33,1,1
9.2.26,Zimbabwe,Oman,Sikandar Raza (c),not out,5,2,3,1,0,250.0,1,1
9.2.26,Scotland,Italy,George Munsey,c HJ Manenti b Stewart,84,54,60,13,2,155.55,0,1
9.2.26,Scotland,Italy,Michael Jones,c HJ Manenti b Smuts,37,30,66,1,2,123.33,0,1
9.2.26,Scotland,Italy,Brandon McMullen,not out,41,18,30,0,4,227.77,0,1
9.2.26,Scotland,Italy,Richie Berrington (c),c ?Meade b Ali Hasan,15,11,17,2,0,136.36,0,1
9.2.26,Scotland,Italy,Tom Bruce,c J Mosca b Draca,1,2,3,0,0,50.0,0,1
9.2.26,Scotland,Italy,Michael Leask,not out,22,5,4,2,2,440.0,0,1
9.2.26,Italy,Scotland,Justin Mosca,c Munsey b Leask,0,1,1,0,0,0.0,1,0
9.2.26,Italy,Scotland,Anthony Mosca,c Munsey b Watt,13,12,22,1,1,108.33,1,0
9.2.26,Italy,Scotland,JJ Smuts,c Berrington b Currie,22,11,13,2,2,200.0,1,0
9.2.26,Italy,Scotland,Harry Manenti,c Munsey b Leask,37,25,38,1,3,148.0,1,0
9.2.26,Italy,Scotland,Ben Manenti,c Jones b Davidson,52,31,38,5,1,167.74,1,0
9.2.26,Italy,Scotland,Grant Stewart,c Munsey b Leask,2,6,10,0,0,33.33,1,0
9.2.26,Italy,Scotland,Gian-Piero Meade ?,c McMullen b Leask,0,2,3,0,0,0.0,1,0
9.2.26,Italy,Scotland,Crishan Kalugamage,not out,3,6,10,0,0,50.0,1,0
9.2.26,Italy,Scotland,Thomas Draca,c McMullen b Watt,2,5,4,0,0,40.0,1,0
9.2.26,Italy,Scotland,Ali Hasan,c Berrington b Wheal,0,2,3,0,0,0.0,1,0
10.2.26,UAE,New Zealand,Aryansh Sharma ?,c Phillips b Duffy,8,6,7,2,0,133.33,0,0
10.2.26,UAE,New Zealand,Muhammad Waseem (c),not out,66,45,96,4,3,146.66,0,0
10.2.26,UAE,New Zealand,Alishan Sharafu,c Mitchell b Santner,55,47,57,5,2,117.02,0,0
10.2.26,UAE,New Zealand,Harshit Kaushik,c Neesham b Phillips,2,6,5,0,0,33.33,0,0
10.2.26,UAE,New Zealand,Mayank Kumar,c Santner b Ferguson,21,13,17,2,1,161.53,0,0
10.2.26,UAE,New Zealand,Sohaib Khan,c Phillips b Henry,7,3,4,0,1,233.33,0,0
10.2.26,UAE,New Zealand,Muhammad Arfan,c Phillips b Henry,0,1,1,0,0,0.0,0,0
10.2.26,New Zealand,UAE,Tim Seifert ?,not out,89,42,76,12,3,211.9,1,1
10.2.26,New Zealand,UAE,Finn Allen,not out,84,50,76,5,5,168.0,1,1
10.2.26,Pakistan,USA,Saim Ayub,c Netravalkar b van Schalkwyk,19,17,26,1,2,111.76,0,1
10.2.26,Pakistan,USA,Sahibzada Farhan,c Krishnamurthi b Harmeet Singh,73,41,75,6,5,178.04,0,1
10.2.26,Pakistan,USA,Salman Agha (c),c Shayan Jahangir b van Schalkwyk,1,3,3,0,0,33.33,0,1
10.2.26,Pakistan,USA,Babar Azam,c MilIndia Kumar b Mohammad Mohsin,46,32,36,4,1,143.75,0,1
10.2.26,Pakistan,USA,Mohammad Nawaz,c Shayan Jahangir b Netravalkar,5,10,26,0,0,50.0,0,1
10.2.26,Pakistan,USA,Shadab Khan,c ?Gous b van Schalkwyk,30,12,15,4,1,250.0,0,1
10.2.26,Pakistan,USA,Faheem Ashraf,c Netravalkar b van Schalkwyk,1,2,3,0,0,50.0,0,1
10.2.26,Pakistan,USA,Usman Khan ?,run out (?Gous/Netravalkar),0,1,4,0,0,0.0,0,1
10.2.26,Pakistan,USA,Shaheen Shah Afridi,not out,9,4,4,0,1,225.0,0,1
10.2.26,Pakistan,USA,Abrar Ahmed,run out (Shayan Jahangir/?Gous),0,0,2,0,0,0.0,0,1
10.2.26,USA,Pakistan,Andries Gous ,c Salman Agha b Mohammad Nawaz,13,13,22,2,0,100.0,1,0
10.2.26,USA,Pakistan,Shayan Jahangir,c Shaheen Shah Afridi b Shadab Khan,49,34,47,5,2,144.11,1,0
10.2.26,USA,Pakistan,Monank Patel (c),c & b Shadab Khan,3,10,16,0,0,30.0,1,0
10.2.26,USA,Pakistan,MilIndia Kumar,c Shaheen Shah Afridi b Usman Tariq,29,22,31,2,1,131.81,1,0
10.2.26,USA,Pakistan,Shubham Ranjane,lbw b Shaheen Shah Afridi,51,30,41,3,3,170.0,1,0
10.2.26,USA,Pakistan,Sanjay Krishnamurthi,b Abrar Ahmed,0,2,2,0,0,0.0,1,0
10.2.26,USA,Pakistan,Harmeet Singh,c Mohammad Nawaz b Usman Tariq,6,5,10,1,0,120.0,1,0
10.2.26,USA,Pakistan,Mohammad Mohsin,b Usman Tariq,0,1,1,0,0,0.0,1,0
10.2.26,USA,Pakistan,Shadley van Schalkwyk,not out,1,2,7,0,0,50.0,1,0
10.2.26,USA,Pakistan,Ehsan Adil,not out,1,2,3,0,0,50.0,1,0
11.2.26,South Africa,Afghanistan,Aiden Markram (c),c Mohammad Nabi b Fazalhaq Farooqi,5,8,10,1,0,62.5,0,1
11.2.26,South Africa,Afghanistan,Quinton de Kock ?,c Ibrahim Zadran b Rashid Khan,59,41,51,5,3,143.9,0,1
11.2.26,South Africa,Afghanistan,Ryan Rickelton,lbw b Rashid Khan,61,28,42,5,4,217.85,0,1
11.2.26,South Africa,Afghanistan,Dewald Brevis,c Mohammad Nabi b Azmatullah Omarzai,23,19,23,1,1,121.05,0,1
11.2.26,South Africa,Afghanistan,David Miller,not out,20,15,32,1,1,133.33,0,1
11.2.26,South Africa,Afghanistan,Tristan Stubbs,c Mujeeb Ur Rahman b Azmatullah Omarzai,1,2,3,0,0,50.0,0,1
11.2.26,South Africa,Afghanistan,Marco Jansen,c Sediqullah Atal b Azmatullah Omarzai,16,7,9,2,1,228.57,0,1
11.2.26,Afghanistan,South Africa,Rahmanullah Gurbaz ?,c LIndiae b Maharaj,84,42,58,4,7,200.0,1,0
11.2.26,Afghanistan,South Africa,Ibrahim Zadran,b Ngidi,12,10,20,1,1,120.0,1,0
11.2.26,Afghanistan,South Africa,Gulbadin Naib,c & b Ngidi,0,2,2,0,0,0.0,1,0
11.2.26,Afghanistan,South Africa,Sediqullah Atal,c Jansen b Rabada,0,3,3,0,0,0.0,1,0
11.2.26,Afghanistan,South Africa,Darwish Rasooli,run out (?de Kock/Maharaj),15,18,30,0,0,83.33,1,0
11.2.26,Afghanistan,South Africa,Azmatullah Omarzai,c Stubbs b Ngidi,22,17,30,3,0,129.41,1,0
11.2.26,Afghanistan,South Africa,Mohammad Nabi,c Markram b LIndiae,5,6,16,0,0,83.33,1,0
11.2.26,Afghanistan,South Africa,Rashid Khan (c),c Miller b Jansen,20,12,17,3,0,166.66,1,0
11.2.26,Afghanistan,South Africa,Mujeeb Ur Rahman,run out (Jansen),0,1,8,0,0,0.0,1,0
11.2.26,Afghanistan,South Africa,Noor Ahmad,not out,15,9,8,0,2,166.66,1,0
11.2.26,Afghanistan,South Africa,Fazalhaq Farooqi,run out (Jansen/Rabada),0,0,6,0,0,0.0,1,0
11.2.26,Australia,Ireland,Travis Head (c),run out (Calitz/MR Adair),6,7,5,1,0,85.71,0,1
11.2.26,Australia,Ireland,Josh Inglis ?,c Stirling b Dockrell,37,17,35,6,1,217.64,0,1
11.2.26,Australia,Ireland,Cameron Green,c Dockrell b MR Adair,21,11,18,1,2,190.9,0,1
11.2.26,Australia,Ireland,Matt Renshaw,b Humphreys,37,33,60,2,0,112.12,0,1
11.2.26,Australia,Ireland,Glenn Maxwell,c ?Tucker b Tector,9,9,12,1,0,100.0,0,1
11.2.26,Australia,Ireland,Marcus Stoinis,c Calitz b MR Adair,45,29,44,2,1,155.17,0,1
11.2.26,Australia,Ireland,Cooper Connolly,not out,11,8,19,0,1,137.5,0,1
11.2.26,Australia,Ireland,Xavier Bartlett,not out,11,6,12,2,0,183.33,0,1
11.2.26,Ireland,Australia,Paul Stirling (c),retired hurt,1,1,1,0,0,100.0,1,0
11.2.26,Ireland,Australia,Ross Adair,b Ellis,12,9,11,1,1,133.33,1,0
11.2.26,Ireland,Australia,Harry Tector,c Green b Kuhnemann,0,3,7,0,0,0.0,1,0
11.2.26,Ireland,Australia,LorCanada Tucker ?,c Connolly b Zampa,24,27,56,1,1,88.88,1,0
11.2.26,Ireland,Australia,Curtis Campher,c Green b Ellis,4,2,2,1,0,200.0,1,0
11.2.26,Ireland,Australia,Ben Calitz,b Ellis,2,4,8,0,0,50.0,1,0
11.2.26,Ireland,Australia,Gareth Delany,c ?Inglis b Zampa,11,12,16,1,1,91.66,1,0
11.2.26,Ireland,Australia,George Dockrell,st ?Inglis b Zampa,41,29,37,3,2,141.37,1,0
11.2.26,Ireland,Australia,Mark Adair,c Connolly b Zampa,12,6,9,2,0,200.0,1,0
11.2.26,Ireland,Australia,Barry McCarthy,c Green b Ellis,2,4,9,0,0,50.0,1,0
11.2.26,Ireland,Australia,Matthew Humphreys,not out,3,4,7,0,0,75.0,1,0
11.2.26,West Indies,England,Brandon King,c Salt b Curran,1,3,9,0,0,33.33,0,1
11.2.26,West Indies,England,Shai Hope (c)?,c Banton b Archer,0,3,5,0,0,0.0,0,1
11.2.26,West Indies,England,Shimron Hetmyer,c Curran b Overton,23,12,24,2,2,191.66,0,1
11.2.26,West Indies,England,Roston Chase,lbw b Rashid,34,29,38,6,0,117.24,0,1
11.2.26,West Indies,England,Sherfane Rutherford,not out,76,42,69,2,7,180.95,0,1
11.2.26,West Indies,England,Rovman Powell,c Overton b Rashid,14,13,24,2,0,107.69,0,1
11.2.26,West Indies,England,Jason Holder,c Banton b Overton,33,17,25,1,4,194.11,0,1
11.2.26,West Indies,England,Romario Shepherd,not out,1,1,2,0,0,100.0,0,1
11.2.26,England,West Indies,Phil Salt,c Rutherford b Shepherd,30,14,15,4,2,214.28,1,0
11.2.26,England,West Indies,Jos Buttler ?,c Powell b Chase,21,14,35,2,1,150.0,1,0
11.2.26,England,West Indies,Jacob Bethell,b Motie,33,23,32,4,1,143.47,1,0
11.2.26,England,West Indies,Tom Banton,c King b Motie,2,4,5,0,0,50.0,1,0
11.2.26,England,West Indies,Harry Brook (c),c & b Motie,17,14,27,1,0,121.42,1,0
11.2.26,England,West Indies,Sam Curran,not out,43,30,54,3,2,143.33,1,0
11.2.26,England,West Indies,Will Jacks,lbw b Chase,2,3,5,0,0,66.66,1,0
11.2.26,England,West Indies,Jamie Overton,c Powell b Hosein,5,6,6,0,0,83.33,1,0
11.2.26,England,West Indies,Jofra Archer,run out (Holder),6,4,7,1,0,150.0,1,0
11.2.26,England,West Indies,Liam Dawson,run out (Holder/Joseph),1,1,6,0,0,100.0,1,0
11.2.26,England,West Indies,Adil Rashid,c Chase b Joseph,0,1,3,0,0,0.0,1,0
12.2.26,Nepal,Italy,Kushal Bhurtel,c J Mosca b Ali Hasan,5,10,8,1,0,50.0,0,0
12.2.26,Nepal,Italy,Aasif Sheikh ?,st ?Meade b BAD Manenti,20,20,32,2,0,100.0,0,0
12.2.26,Nepal,Italy,Rohit Paudel (c),c Stewart b Kalugamage,23,14,21,0,2,164.28,0,0
12.2.26,Nepal,Italy,Dipendra Singh Airee,b Kalugamage,17,18,27,0,0,94.44,0,0
12.2.26,Nepal,Italy,Aarif Sheikh,c Campopiano b Smuts,27,24,35,3,0,112.5,0,0
12.2.26,Nepal,Italy,Lokesh Bam,c AJ Mosca b BAD Manenti,3,5,3,0,0,60.0,0,0
12.2.26,Nepal,Italy,Gulsan Jha,c HJ Manenti b Kalugamage,3,4,8,0,0,75.0,0,0
12.2.26,Nepal,Italy,Karan KC,not out,18,11,20,1,1,163.63,0,0
12.2.26,Nepal,Italy,Nandan Yadav,run out (J Mosca/?Meade),0,2,1,0,0,0.0,0,0
12.2.26,Nepal,Italy,Sandeep Lamichhane,c HJ Manenti b Jaspreet Singh,5,7,11,0,0,71.42,0,0
12.2.26,Nepal,Italy,Lalit Rajbanshi,run out (HJ Manenti),0,2,1,0,0,0.0,0,0
12.2.26,Italy,Nepal,Justin Mosca,not out,60,44,55,5,3,136.36,1,1
12.2.26,Italy,Nepal,Anthony Mosca,not out,62,32,55,3,6,193.75,1,1
12.2.26,India,Namibia,Ishan Kishan ?,c Shikongo b Erasmus,61,24,39,6,5,254.16,0,1
12.2.26,India,Namibia,Sanju Samson,c Steenkamp b Shikongo,22,8,10,1,3,275.0,0,1
12.2.26,India,Namibia,Tilak Varma,c Smit b Erasmus,25,21,46,3,0,119.04,0,1
12.2.26,India,Namibia,Suryakumar Yadav (c),st ?Green b Scholtz,12,13,11,0,1,92.3,0,1
12.2.26,India,Namibia,Hardik Pandya,c sub (DO Leicher) b Erasmus,52,28,39,4,4,185.71,0,1
12.2.26,India,Namibia,Shivam Dube,run out (Shikongo/Erasmus),23,16,35,1,1,143.75,0,1
12.2.26,India,Namibia,Rinku Singh,c Erasmus b Smit,1,6,6,0,0,16.66,0,1
12.2.26,India,Namibia,Axar Patel,b Erasmus,0,1,2,0,0,0.0,0,1
12.2.26,India,Namibia,Varun Chakravarthy,not out,1,1,5,0,0,100.0,0,1
12.2.26,India,Namibia,Arshdeep Singh,run out (Kruger/?Green),2,2,2,0,0,100.0,0,1
12.2.26,Namibia,India,Louren Steenkamp,b Varun,29,20,40,3,1,145.0,1,0
12.2.26,Namibia,India,Jan Frylinck,c Dube b Arshdeep Singh,22,15,18,3,1,146.66,1,0
12.2.26,Namibia,India,Jan Nicol Loftie-Eaton,c Patel b Varun,13,13,30,1,0,100.0,1,0
12.2.26,Namibia,India,Gerhard Erasmus (c),c Tilak Varma b Patel,18,11,13,0,2,163.63,1,0
12.2.26,Namibia,India,JJ Smit,b Varun,0,2,1,0,0,0.0,1,0
12.2.26,Namibia,India,Zane Green ?,hit wicket b Dube,11,19,44,0,0,57.89,1,0
12.2.26,Namibia,India,Malan Kruger,c Bumrah b Patel,5,10,8,1,0,50.0,1,0
12.2.26,Namibia,India,Ruben Trumpelmann,b Bumrah,6,16,23,0,0,37.5,1,0
12.2.26,Namibia,India,Bernard Scholtz,c Patel b Pandya,4,4,4,1,0,100.0,1,0
12.2.26,Namibia,India,Ben Shikongo,lbw b Pandya,0,1,1,0,0,0.0,1,0
12.2.26,Namibia,India,Max Heingo,not out,0,2,3,0,0,0.0,1,0
12.2.26,Sri Lanka,Oman,Pathum Nissanka,lbw b Sufyan Mehmood,13,11,27,2,0,118.18,0,1
12.2.26,Sri Lanka,Oman,Kamil Mishara,b Jay Odedra,8,7,8,2,0,114.28,0,1
12.2.26,Sri Lanka,Oman,Kusal Mendis ?,run out (Ramanandi/?Shukla),61,45,81,7,0,135.55,0,1
12.2.26,Sri Lanka,Oman,Pavan Rathnayake,b Ramanandi,60,28,36,8,1,214.28,0,1
12.2.26,Sri Lanka,Oman,Dasun Shanaka (c),c Nadeem Khan b Ramanandi,50,20,20,2,5,250.0,0,1
12.2.26,Sri Lanka,Oman,KamIndiau Mendis,not out,19,7,10,1,2,271.42,0,1
12.2.26,Sri Lanka,Oman,Dunith Wellalage,not out,6,4,8,1,0,150.0,0,1
12.2.26,Oman,Sri Lanka,Aamir Kaleem,lbw b Theekshana,6,5,8,1,0,120.0,1,0
12.2.26,Oman,Sri Lanka,JatIndiaer Singh (c),b Chameera,1,2,6,0,0,50.0,1,0
12.2.26,Oman,Sri Lanka,Hammad Mirza,c Mishara b Chameera,9,12,19,1,0,75.0,1,0
12.2.26,Oman,Sri Lanka,Mohammad Nadeem,not out,53,56,81,3,1,94.64,1,0
12.2.26,Oman,Sri Lanka,Wasim Ali,c ?BKG Mendis b Theekshana,27,20,24,0,3,135.0,1,0
12.2.26,Oman,Sri Lanka,Vinayak Shukla ?,run out (Mishara),1,1,1,0,0,100.0,1,0
12.2.26,Oman,Sri Lanka,Jiten Ramanandi,st ?BKG Mendis b Hemantha,0,1,3,0,0,0.0,1,0
12.2.26,Oman,Sri Lanka,Nadeem Khan,c Chameera b PHKD Mendis,2,3,4,0,0,66.66,1,0
12.2.26,Oman,Sri Lanka,Sufyan Mehmood,run out (PHKD Mendis/?BKG Mendis),1,1,3,0,0,100.0,1,0
12.2.26,Oman,Sri Lanka,Shah Faisal,c Nissanka b Wellalage,1,8,8,0,0,12.5,1,0
12.2.26,Oman,Sri Lanka,Jay Odedra,not out,4,12,13,0,0,33.33,1,0
13.2.26,Zimbabwe,Australia,Brian Bennett,not out,64,56,99,7,0,114.28,0,1
13.2.26,Zimbabwe,Australia,Tadiwanashe Marumani ?,c ?Inglis b Stoinis,35,21,36,7,0,166.66,0,1
13.2.26,Zimbabwe,Australia,Ryan Burl,c sub (XC Bartlett) b Green,35,30,45,4,0,116.66,0,1
13.2.26,Zimbabwe,Australia,Sikandar Raza (c),not out,25,13,18,2,1,192.3,0,1
13.2.26,Australia,Zimbabwe,Josh Inglis ?,c Musekiwa b Muzarabani,8,4,5,0,1,200.0,1,0
13.2.26,Australia,Zimbabwe,Travis Head (c),b Evans,17,15,23,3,0,113.33,1,0
13.2.26,Australia,Zimbabwe,Cameron Green,c ?Marumani b Evans,0,2,7,0,0,0.0,1,0
13.2.26,Australia,Zimbabwe,Tim David,c Cremer b Muzarabani,0,2,3,0,0,0.0,1,0
13.2.26,Australia,Zimbabwe,Glenn Maxwell,b Burl,31,32,59,1,1,96.87,1,0
13.2.26,Australia,Zimbabwe,Matt Renshaw,c Burl b Muzarabani,65,44,74,5,1,147.72,1,0
13.2.26,Australia,Zimbabwe,Marcus Stoinis,c Musekiwa b Masakadza,6,4,6,1,0,150.0,1,0
13.2.26,Australia,Zimbabwe,Ben Dwarshuis,c Munyonga b Evans,6,7,9,0,0,85.71,1,0
13.2.26,Australia,Zimbabwe,Nathan Ellis,not out,7,4,11,1,0,175.0,1,0
13.2.26,Australia,Zimbabwe,Adam Zampa,b Muzarabani,2,2,2,0,0,100.0,1,0
13.2.26,Australia,Zimbabwe,Matthew Kuhnemann,run out (Evans),0,1,2,0,0,0.0,1,0
13.2.26,Canada,UAE,Yuvraj Samra,c Sharafu b Junaid Siddique,5,5,15,0,0,100.0,0,0
13.2.26,Canada,UAE,Dilpreet Bajwa (c),c Muhammad Waseem b Junaid Siddique,11,11,10,2,0,100.0,0,0
13.2.26,Canada,UAE,Navneet Dhaliwal,run out (Muhammad Arfan),34,28,54,4,0,121.42,0,0
13.2.26,Canada,UAE,Nicholas Kirton,c ?Sharma b Muhammad Jawadullah,4,6,12,0,0,66.66,0,0
13.2.26,Canada,UAE,Harsh Thaker,c Kumar b Junaid Siddique,50,41,60,2,3,121.95,0,0
13.2.26,Canada,UAE,Shreyas Movva ?,c Sharafu b Junaid Siddique,21,21,30,2,0,100.0,0,0
13.2.26,Canada,UAE,Jaskaran Singh,not out,4,4,15,0,0,100.0,0,0
13.2.26,Canada,UAE,Saad Bin Zafar,c Haider Ali b Junaid Siddique,5,3,4,1,0,166.66,0,0
13.2.26,Canada,UAE,Dilon Heyliger,not out,6,1,2,0,1,600.0,0,0
13.2.26,UAE,Canada,Aryansh Sharma ?,not out,74,53,97,6,3,139.62,1,1
13.2.26,UAE,Canada,Muhammad Waseem (c),c Dhaliwal b Kaleem Sana,4,8,12,0,0,50.0,1,1
13.2.26,UAE,Canada,Alishan Sharafu,c Kirton b Saad Bin Zafar,5,13,21,0,0,38.46,1,1
13.2.26,UAE,Canada,Mayank Kumar,c Kaleem Sana b Saad Bin Zafar,4,6,11,0,0,66.66,1,1
13.2.26,UAE,Canada,Harshit Kaushik,c Kirton b Saad Bin Zafar,5,9,6,1,0,55.55,1,1
13.2.26,UAE,Canada,Sohaib Khan,c Kirton b Jaskaran Singh,51,29,41,4,4,175.86,1,1
13.2.26,UAE,Canada,Muhammad Arfan,not out,1,1,1,0,0,100.0,1,1
13.2.26,USA,Netherlands,Monank Patel (c),c ?Edwards b de Leede,36,22,40,3,1,163.63,0,1
13.2.26,USA,Netherlands,Shayan Jahangir ?,b Klein,20,14,13,1,2,142.85,0,1
13.2.26,USA,Netherlands,Saiteja Mukkamalla,c Ackermann b de Leede,79,51,63,5,4,154.9,0,1
13.2.26,USA,Netherlands,Sanjay Krishnamurthi,b Klaassen,1,2,8,0,0,50.0,0,1
13.2.26,USA,Netherlands,Shubham Ranjane,not out,48,24,45,3,2,200.0,0,1
13.2.26,USA,Netherlands,MilIndia Kumar,c ?Edwards b de Leede,3,4,9,0,0,75.0,0,1
13.2.26,USA,Netherlands,Harmeet Singh,c van der Merwe b van Beek,1,2,4,0,0,50.0,0,1
13.2.26,USA,Netherlands,Mohammad Mohsin,not out,1,1,4,0,0,100.0,0,1
13.2.26,Netherlands,USA,Michael Levitt,b Kenjige,3,7,7,0,0,42.85,1,0
13.2.26,Netherlands,USA,Max O'Dowd,c MilIndia Kumar b Harmeet Singh,13,11,23,1,0,118.18,1,0
13.2.26,Netherlands,USA,Bas de Leede,c Patel b Harmeet Singh,23,17,26,1,1,135.29,1,0
13.2.26,Netherlands,USA,Colin Ackermann,c Ranjane b van Schalkwyk,0,1,3,0,0,0.0,1,0
13.2.26,Netherlands,USA,Scott Edwards (c)?,b Harmeet Singh,20,14,21,2,0,142.85,1,0
13.2.26,Netherlands,USA,Zach Lion-Cachet,b Mohammad Mohsin,6,5,5,1,0,120.0,1,0
13.2.26,Netherlands,USA,Roelof van der Merwe,lbw b Harmeet Singh,10,11,18,0,0,90.9,1,0
13.2.26,Netherlands,USA,Logan van Beek,b Mohammad Mohsin,2,5,12,0,0,40.0,1,0
13.2.26,Netherlands,USA,Aryan Dutt,b van Schalkwyk,9,7,8,0,1,128.57,1,0
13.2.26,Netherlands,USA,Kyle Klein,not out,6,11,15,0,0,54.54,1,0
13.2.26,Netherlands,USA,Fred Klaassen,c MilIndia Kumar b van Schalkwyk,3,6,8,0,0,50.0,1,0
14.2.26,Scotland,England,George Munsey,c Banton b Archer,4,6,11,1,0,66.66,0,0
14.2.26,Scotland,England,Michael Jones,c Bethell b Curran,33,20,28,5,1,165.0,0,0
14.2.26,Scotland,England,Brandon McMullen,c Salt b Archer,0,2,2,0,0,0.0,0,0
14.2.26,Scotland,England,Richie Berrington (c),lbw b Rashid,49,32,48,5,2,153.12,0,0
14.2.26,Scotland,England,Tom Bruce,c Curran b Dawson,24,18,28,1,1,133.33,0,0
14.2.26,Scotland,England,Michael Leask,c Curran b Dawson,1,4,12,0,0,25.0,0,0
14.2.26,Scotland,England,Matthew Cross ?,c Banton b Rashid,8,9,10,1,0,88.88,0,0
14.2.26,Scotland,England,Mark Watt,b Rashid,2,4,5,0,0,50.0,0,0
14.2.26,Scotland,England,Oliver Davidson,not out,20,15,20,2,1,133.33,0,0
14.2.26,Scotland,England,Brad Wheal,c Jacks b Overton,2,3,11,0,0,66.66,0,0
14.2.26,Scotland,England,Brad Currie,run out (Brook/Buttler),2,5,7,0,0,40.0,0,0
14.2.26,England,Scotland,Phil Salt,c Bruce b McMullen,2,3,3,0,0,66.66,1,1
14.2.26,England,Scotland,Jos Buttler ?,c McMullen b Currie,3,4,12,0,0,75.0,1,1
14.2.26,England,Scotland,Jacob Bethell,c Wheal b Davidson,32,28,43,2,1,114.28,1,1
14.2.26,England,Scotland,Tom Banton,not out,63,41,76,4,3,153.65,1,1
14.2.26,England,Scotland,Harry Brook (c),c Wheal b Leask,4,4,5,0,0,100.0,1,1
14.2.26,England,Scotland,Sam Curran,c Cross b Wheal,28,20,25,1,2,140.0,1,1
14.2.26,England,Scotland,Will Jacks,not out,16,10,9,1,1,160.0,1,1
14.2.26,New Zealand,South Africa,Tim Seifert ?,c ?de Kock b Jansen,13,9,17,1,1,144.44,0,0
14.2.26,New Zealand,South Africa,Finn Allen,c Markram b Jansen,31,17,33,4,2,182.35,0,0
14.2.26,New Zealand,South Africa,Rachin RavIndiara,c Miller b Jansen,13,8,10,1,1,162.5,0,0
14.2.26,New Zealand,South Africa,Glenn Phillips,b Maharaj,1,3,7,0,0,33.33,0,0
14.2.26,New Zealand,South Africa,Mark Chapman,c Rickelton b Jansen,48,26,39,6,2,184.61,0,0
14.2.26,New Zealand,South Africa,Daryl Mitchell,c Stubbs b Ngidi,32,24,43,2,1,133.33,0,0
14.2.26,New Zealand,South Africa,Mitchell Santner (c),c Rickelton b Bosch,4,10,12,0,0,40.0,0,0
14.2.26,New Zealand,South Africa,James Neesham,not out,23,15,20,3,0,153.33,0,0
14.2.26,New Zealand,South Africa,Matt Henry,not out,9,8,14,1,0,112.5,0,0
14.2.26,South Africa,New Zealand,Aiden Markram (c),not out,86,44,85,8,4,195.45,1,1
14.2.26,South Africa,New Zealand,Quinton de Kock ?,b Ferguson,20,14,21,3,1,142.85,1,1
14.2.26,South Africa,New Zealand,Ryan Rickelton,c Mitchell b Neesham,21,11,18,2,1,190.9,1,1
14.2.26,South Africa,New Zealand,Dewald Brevis,c Mitchell b RavIndiara,21,17,17,1,1,123.52,1,1
14.2.26,South Africa,New Zealand,David Miller,not out,24,17,26,1,1,141.17,1,1
14.2.26,Ireland,Oman,Tim Tector,b Shakeel Ahmed,5,4,3,1,0,125.0,1,1
14.2.26,Ireland,Oman,Ross Adair,c Aamir Kaleem b Shakeel Ahmed,14,7,14,3,0,200.0,1,1
14.2.26,Ireland,Oman,Harry Tector,b Shakeel Ahmed,14,13,20,2,0,107.69,1,1
14.2.26,Ireland,Oman,LorCanada Tucker (c)?,not out,94,51,84,10,4,184.31,1,1
14.2.26,Ireland,Oman,Curtis Campher,lbw b Aamir Kaleem,12,7,11,2,0,171.42,1,1
14.2.26,Ireland,Oman,Gareth Delany,c Odedara b Shah Faisal,56,30,42,3,4,186.66,1,1
14.2.26,Ireland,Oman,George Dockrell,not out,35,9,17,0,5,388.88,1,1
14.2.26,Oman,Ireland,Aamir Kaleem,c Humphreys b McCarthy,50,29,54,5,2,172.41,0,0
14.2.26,Oman,Ireland,JatIndiaer Singh (c),lbw b Humphreys,7,5,10,1,0,140.0,0,0
14.2.26,Oman,Ireland,Ashish Odedara,run out (HT Tector/?Tucker),1,2,3,0,0,50.0,0,0
14.2.26,Oman,Ireland,Hammad Mirza,run out (Campher/HT Tector),46,37,54,6,1,124.32,0,0
14.2.26,Oman,Ireland,Vinayak Shukla ?,c Humphreys b Dockrell,0,2,5,0,0,0.0,0,0
14.2.26,Oman,Ireland,Mohammad Nadeem,c Delany b Little,1,3,3,0,0,33.33,0,0
14.2.26,Oman,Ireland,Jiten Ramanandi,c MR Adair b Little,3,6,11,0,0,50.0,0,0
14.2.26,Oman,Ireland,Nadeem Khan,b Little,0,2,5,0,0,0.0,0,0
14.2.26,Oman,Ireland,Sufyan Mehmood,c GR Adair b McCarthy,10,11,20,1,0,90.9,0,0
14.2.26,Oman,Ireland,Shakeel Ahmed,c & b Humphreys,4,5,5,1,0,80.0,0,0
14.2.26,Oman,Ireland,Shah Faisal,not out,9,6,11,1,0,150.0,0,0
15.02.26,USA,Namibia,Monank Patel (c),c Smit b Myburgh,52,30,43,3,3,173.33,1,1
15.02.26,USA,Namibia,Shayan Jahangir ?,c Smit b Myburgh,22,18,31,2,1,122.22,1,1
15.02.26,USA,Namibia,Saiteja Mukkamalla,c Loftie-Eaton b Erasmus,17,18,17,2,0,94.44,1,1
15.02.26,USA,Namibia,Sanjay Krishnamurthi,not out,68,33,47,4,6,206.06,1,1
15.02.26,USA,Namibia,MilIndia Kumar,c Smit b Erasmus,28,20,38,1,1,140.0,1,1
15.02.26,USA,Namibia,Shubham Ranjane,not out,5,2,2,1,0,250.0,1,1
15.02.26,Namibia,USA,Louren Steenkamp,c Mohammad Mohsin b Ranjane,58,39,54,5,3,148.71,0,0
15.02.26,Namibia,USA,Jan Frylinck,c & b van Schalkwyk,19,15,23,1,1,126.66,0,0
15.02.26,Namibia,USA,Jan Nicol Loftie-Eaton,c Ranjane b Netravalkar,28,17,19,4,0,164.7,0,0
15.02.26,Namibia,USA,Gerhard Erasmus (c),c ?Shayan Jahangir b van Schalkwyk,6,10,19,0,0,60.0,0,0
15.02.26,Namibia,USA,JJ Smit,c ?Shayan Jahangir b Ali Khan,31,23,35,1,1,134.78,0,0
15.02.26,Namibia,USA,Zane Green ?,retired out,18,13,16,2,0,138.46,0,0
15.02.26,Namibia,USA,Ruben Trumpelmann,not out,3,2,9,0,0,150.0,0,0
15.02.26,Namibia,USA,Dylan Leicher,not out,0,1,1,0,0,0.0,0,0
15.02.26,Nepal,West Indies,Kushal Bhurtel,b Hosein,1,3,3,0,0,33.33,0,0
15.02.26,Nepal,West Indies,Aasif Sheikh ?,c Hetmyer b Holder,11,10,22,2,0,110.0,0,0
15.02.26,Nepal,West Indies,Rohit Paudel (c),lbw b Forde,5,7,11,1,0,71.42,0,0
15.02.26,Nepal,West Indies,Dipendra Singh Airee,c Powell b Holder,58,47,76,3,3,123.4,0,0
15.02.26,Nepal,West Indies,Aarif Sheikh,c Forde b Holder,2,8,12,0,0,25.0,0,0
15.02.26,Nepal,West Indies,Lokesh Bam,c ?Hope b Joseph,13,15,18,2,0,86.66,0,0
15.02.26,Nepal,West Indies,Gulsan Jha,b Chase,11,14,18,0,1,78.57,0,0
15.02.26,Nepal,West Indies,Sompal Kami,not out,26,15,26,4,0,173.33,0,0
15.02.26,Nepal,West Indies,Karan KC,c Forde b Holder,1,2,5,0,0,50.0,0,0
15.02.26,West Indies,Nepal,Brandon King,c Bhurtel b Yadav,22,17,28,4,0,129.41,1,1
15.02.26,West Indies,Nepal,Shai Hope (c)?,not out,61,44,71,5,3,138.63,1,1
15.02.26,West Indies,Nepal,Shimron Hetmyer,not out,46,32,40,4,2,143.75,1,1
15.02.26,India,Pakistan,Ishan Kishan ?,c MilIndia Kumar b van Schalkwyk,20,16,27,1,2,125.0,0,1
15.02.26,India,Pakistan,Abhishek Sharma,c Krishnamurthi b Ali Khan,0,1,8,0,0,0.0,0,1
15.02.26,India,Pakistan,Tilak Varma,c Patel b van Schalkwyk,25,16,25,3,1,156.25,0,1
15.02.26,India,Pakistan,Suryakumar Yadav (c),not out,84,49,77,10,4,171.42,0,1
15.02.26,India,Pakistan,Shivam Dube,c Netravalkar b van Schalkwyk,0,1,1,0,0,0.0,0,1
15.02.26,India,Pakistan,Rinku Singh,c MilIndia Kumar b Mohammad Mohsin,6,14,20,0,0,42.85,0,1
15.02.26,India,Pakistan,Hardik Pandya,c Mukkamalla b Harmeet Singh,5,6,4,1,0,83.33,0,1
15.02.26,India,Pakistan,Axar Patel,c Mohammad Mohsin b Harmeet Singh,14,11,23,2,0,127.27,0,1
15.02.26,India,Pakistan,Arshdeep Singh,c MilIndia Kumar b van Schalkwyk,4,6,16,1,0,66.66,0,1
15.02.26,India,Pakistan,Varun Chakravarthy,run out (Mohammad Mohsin/?Gous),0,0,6,0,0,0.0,0,1
15.02.26,Pakistan,India,Andries Gous ?,c Tilak Varma b Mohammed Siraj,6,9,8,0,1,66.66,1,0
15.02.26,Pakistan,India,Saiteja Mukkamalla,c Varun b Mohammed Siraj,2,7,17,0,0,28.57,1,0
15.02.26,Pakistan,India,Monank Patel (c),c Dube b Arshdeep Singh,0,2,3,0,0,0.0,1,0
15.02.26,Pakistan,India,MilIndia Kumar,st ?Ishan Kishan b Varun,34,34,44,3,1,100.0,1,0
15.02.26,Pakistan,India,Sanjay Krishnamurthi,c Singh b Patel,37,31,55,1,2,119.35,1,0
15.02.26,Pakistan,India,Shubham Ranjane,lbw b Mohammed Siraj,37,22,40,2,3,168.18,1,0
15.02.26,Pakistan,India,Harmeet Singh,c Mohammed Siraj b Patel,0,1,1,0,0,0.0,1,0
15.02.26,Pakistan,India,Mohammad Mohsin,c Tilak Varma b Arshdeep Singh,8,9,10,1,0,88.88,1,0
15.02.26,Pakistan,India,Shadley van Schalkwyk,not out,2,5,11,0,0,40.0,1,0
16.02.26,UAE,Afghanistan,Aryansh Sharma,c Gurbaz b Omarzai,0,4,6,0,0,0.0,0,0
16.02.26,UAE,Afghanistan,Muhammad Waseem,lbw b Mujeeb,10,6,10,2,0,166.67,0,0
16.02.26,UAE,Afghanistan,Alishan Sharafu,c Zadran b Mujeeb,40,31,48,3,2,129.03,0,0
16.02.26,UAE,Afghanistan,Sohaib Khan,c Mujeeb b Omarzai,68,48,64,6,4,141.67,0,0
16.02.26,UAE,Afghanistan,Syed Haider,b Omarzai,13,10,14,1,1,130.0,0,0
16.02.26,UAE,Afghanistan,Harshit Kaushik,c Gurbaz b Omarzai,0,3,4,0,0,0.0,0,0
16.02.26,UAE,Afghanistan,Muhammad Arfan,hit wicket b Rashid,0,2,3,0,0,0.0,0,0
16.02.26,UAE,Afghanistan,Haider Ali,run out (Gurbaz),13,12,18,2,0,108.33,0,0
16.02.26,UAE,Afghanistan,Simranjeet Kang,not out,3,4,7,0,0,75.0,0,0
16.02.26,UAE,Afghanistan,Junaid Siddique,run out (Rashid),3,2,3,0,0,150.0,0,0
16.02.26,Afghanistan,UAE,R. Gurbaz,c Sohaib b Junaid,0,2,3,0,0,0.0,1,1
16.02.26,Afghanistan,UAE,Ibrahim Zadran,c Waseem b Arfan,53,41,62,6,1,129.27,1,1
16.02.26,Afghanistan,UAE,Gulbadin Naib,c Kaushik b Arfan,13,12,18,1,1,108.33,1,1
16.02.26,Afghanistan,UAE,Sediqullah Atal,b Jawadullah,16,14,22,1,1,114.29,1,1
16.02.26,Afghanistan,UAE,Darwish Rasooli,b Junaid,33,23,31,3,1,143.48,1,1
16.02.26,Afghanistan,UAE,Azmatullah Omarzai,not out,40,21,28,2,3,190.48,1,1
16.02.26,Afghanistan,UAE,Mohammad Nabi,not out,3,3,5,0,0,100.0,1,1
16.02.26,England,Italy,Phil Salt,c A. Mosca b Hasan,28,15,22,2,2,186.67,0,1
16.02.26,England,Italy,Jos Buttler,c Manenti b Stewart,3,4,7,0,0,75.0,0,1
16.02.26,England,Italy,Jacob Bethell,c Singh b Manenti,23,20,28,2,1,115.0,0,1
16.02.26,England,Italy,Tom Banton,c Manenti b Kalugamage,30,21,30,3,1,142.86,0,1
16.02.26,England,Italy,Harry Brook,c Meade b Smuts,14,9,14,1,1,155.56,0,1
16.02.26,England,Italy,Sam Curran,c Smuts b Kalugamage,25,19,26,0,2,131.58,0,1
16.02.26,England,Italy,Will Jacks,not out,53,22,34,3,4,240.91,0,1
16.02.26,England,Italy,Jamie Overton,c Kalugamage b Stewart,15,9,13,1,1,166.67,0,1
16.02.26,England,Italy,Jofra Archer,not out,1,1,2,0,0,100.0,0,1
16.02.26,Italy,England,Justin Mosca,c Banton b Rashid,43,34,48,7,0,126.47,1,0
16.02.26,Italy,England,Anthony Mosca,c Brook b Archer,0,1,2,0,0,0.0,1,0
16.02.26,Italy,England,JJ Smuts,c Overton b Archer,0,4,5,0,0,0.0,1,0
16.02.26,Italy,England,Harry Manenti,c Buttler b Overton,12,11,16,1,1,109.09,1,0
16.02.26,Italy,England,Ben Manenti,c Banton b Jacks,60,25,38,4,6,240.0,1,0
16.02.26,Italy,England,Grant Stewart,c Dawson b Curran,45,23,32,2,5,195.65,1,0
16.02.26,Italy,England,M. Campopiano,c Banton b Curran,2,6,8,0,0,33.33,1,0
16.02.26,Italy,England,G. Meade,c Buttler b Curran,0,1,2,0,0,0.0,1,0
16.02.26,Italy,England,Jaspreet Singh,c Jacks b Overton,12,10,14,0,1,120.0,1,0
16.02.26,Italy,England,C. Kalugamage,not out,0,1,3,0,0,0.0,1,0
16.02.26,Italy,England,Ali Hasan,b Overton,0,4,5,0,0,0.0,1,0
16.02.26,Australia,Sri Lanka,Travis Head,c K. Mendis b Hemantha,56,29,38,7,3,193.1,0,0
16.02.26,Australia,Sri Lanka,Mitchell Marsh,lbw b Hemantha,54,27,35,8,2,200.0,0,0
16.02.26,Australia,Sri Lanka,Cameron Green,st K. Mendis b Wellalage,3,7,10,0,0,42.86,0,0
16.02.26,Australia,Sri Lanka,Tim David,c Hemantha b K. Mendis,6,5,8,1,0,120.0,0,0
16.02.26,Australia,Sri Lanka,Josh Inglis,c Wellalage b Chameera,27,22,31,3,0,122.73,0,0
16.02.26,Australia,Sri Lanka,Glenn Maxwell,c Nissanka b Hemantha,22,15,20,1,1,146.67,0,0
16.02.26,Australia,Sri Lanka,Marcus Stoinis,c Theekshana b Chameera,4,6,9,0,0,66.67,0,0
16.02.26,Australia,Sri Lanka,Cooper Connolly,c Perera b Theekshana,3,4,6,0,0,75.0,0,0
16.02.26,Australia,Sri Lanka,Xavier Bartlett,run out (K. Mendis),0,3,4,0,0,0.0,0,0
16.02.26,Australia,Sri Lanka,Nathan Ellis,not out,0,2,3,0,0,0.0,0,0
16.02.26,Australia,Sri Lanka,Adam Zampa,run out (K. Mendis),1,1,2,0,0,100.0,0,0
16.02.26,Sri Lanka,Australia,Pathum Nissanka,not out,100,52,74,10,5,192.31,1,1
16.02.26,Sri Lanka,Australia,Kusal Perera,c Ellis b Stoinis,1,3,5,0,0,33.33,1,1
16.02.26,Sri Lanka,Australia,Kusal Mendis,c Connolly b Stoinis,51,38,52,6,1,134.21,1,1
16.02.26,Sri Lanka,Australia,Pavan Rathnayake,not out,28,15,22,6,0,186.67,1,1
17.02.26,Canada,New Zealand,Yuvraj Samra,c Phillips b Duffy,110,65,92,11,6,169.23,0,0
17.02.26,Canada,New Zealand,Dilpreet Bajwa,c Phillips b Jamieson,36,39,54,4,0,92.31,0,0
17.02.26,Canada,New Zealand,Navneet Dhaliwal,c Phillips b Henry,10,7,12,0,1,142.86,0,0
17.02.26,Canada,New Zealand,Nicholas Kirton,lbw b Neesham,2,3,5,0,0,66.67,0,0
17.02.26,Canada,New Zealand,Harsh Thaker,not out,3,3,5,0,0,100.0,0,0
17.02.26,Canada,New Zealand,Dilon Heyliger,not out,8,3,4,0,1,266.67,0,0
17.02.26,New Zealand,Canada,Tim Seifert,c J. Singh b Bin Zafar,6,10,14,1,0,60.0,1,1
17.02.26,New Zealand,Canada,Finn Allen,c S. Sharma b Heyliger,21,8,11,2,1,262.5,1,1
17.02.26,New Zealand,Canada,Rachin RavIndiara,not out,59,39,58,4,3,151.28,1,1
17.02.26,New Zealand,Canada,Glenn Phillips,not out,76,36,54,4,6,211.11,1,1
17.02.26,Scotland,Nepal,George Munsey,c Sundeep Jora b Rohit Paudel,27,29,42,4,0,93.1,0,0
17.02.26,Scotland,Nepal,Michael Jones,b Sompal Kami,71,45,68,8,3,157.78,0,0
17.02.26,Scotland,Nepal,Brandon McMullen,c & b Sompal Kami,25,19,28,1,1,131.58,0,0
17.02.26,Scotland,Nepal,Richie Berrington,c Sundeep Jora b Kushal Bhurtel,10,6,10,0,1,166.67,0,0
17.02.26,Scotland,Nepal,Tom Bruce,b Sompal Kami,5,6,11,0,0,83.33,0,0
17.02.26,Scotland,Nepal,Matthew Cross,b Nandan Yadav,4,2,4,1,0,200.0,0,0
17.02.26,Scotland,Nepal,Michael Leask,c Aasif Sheikh b Nandan Yadav,4,8,12,0,0,50.0,0,0
17.02.26,Scotland,Nepal,Mark Watt,not out,10,4,8,0,1,250.0,0,0
17.02.26,Scotland,Nepal,Oliver Davidson,not out,1,1,2,0,0,100.0,0,0
17.02.26,Nepal,Scotland,Kushal Bhurtel,c Tom Bruce b Michael Leask,43,35,54,1,4,122.86,1,1
17.02.26,Nepal,Scotland,Aasif Sheikh,c Brad Wheal b Michael Leask,33,27,39,0,2,122.22,1,1
17.02.26,Nepal,Scotland,Rohit Paudel,c Michael Jones b Michael Leask,16,14,21,1,0,114.29,1,1
17.02.26,Nepal,Scotland,D. Singh Airee,not out,50,23,38,4,3,217.39,1,1
17.02.26,Nepal,Scotland,Gulshan Jha,not out,24,17,32,1,2,141.18,1,1
18.02.26,UAE,South Africa,Aryansh Sharma,c Maphaka b Corbin Bosch,13,17,24,1,1,76.47,0,0
18.02.26,UAE,South Africa,Muhammad Waseem,lbw b George LIndiae,22,12,18,4,0,183.33,0,0
18.02.26,UAE,South Africa,Alishan Sharafu,c Maphaka b Anrich Nortje,45,38,52,5,1,118.42,0,0
18.02.26,UAE,South Africa,Sohaib Khan,c De Kock b Corbin Bosch,6,11,15,0,0,54.55,0,0
18.02.26,UAE,South Africa,Syed Haider,c Maphaka b Anrich Nortje,6,15,21,0,0,40.0,0,0
18.02.26,UAE,South Africa,Muhammad Arfan,c Jason Smith b Corbin Bosch,11,18,25,0,0,61.11,0,0
18.02.26,UAE,South Africa,Dhruv Parashar,not out,5,7,10,0,0,71.43,0,0
18.02.26,UAE,South Africa,Muhammad Farooq,not out,1,2,4,0,0,50.0,0,0
18.02.26,South Africa,UAE,Aiden Markram,b Haider Ali,28,11,16,5,1,254.55,1,1
18.02.26,South Africa,UAE,Quinton de Kock,c Syed Haider b Jawadullah,14,16,23,3,0,87.5,1,1
18.02.26,South Africa,UAE,Ryan Rickelton,c Dhruv Parashar b Farooq,30,16,21,3,2,187.5,1,1
18.02.26,South Africa,UAE,Dewald Brevis,c (sub) Kaushik b Arfan,36,25,38,1,3,144.0,1,1
18.02.26,South Africa,UAE,Tristan Stubbs,not out,6,7,12,0,0,85.71,1,1
18.02.26,South Africa,UAE,Jason Smith,not out,3,5,9,0,0,60.0,1,1
18.02.26,Pakistan,Namibia,Sahibzada Farhan,not out,100,58,84,11,4,172.41,0,1
18.02.26,Pakistan,Namibia,Saim Ayub,c Zane Green b Jack Brassell,14,12,21,2,0,116.67,0,1
18.02.26,Pakistan,Namibia,Salman Ali Agha,c Gerhard Erasmus b Jack Brassell,38,23,32,3,2,165.22,0,1
18.02.26,Pakistan,Namibia,Khawaja Nafay,c & b Gerhard Erasmus,5,5,8,1,0,100.0,0,1
18.02.26,Pakistan,Namibia,Shadab Khan,not out,36,22,34,1,3,163.64,0,1
18.02.26,Namibia,Pakistan,Louren Steenkamp,c Usman Khan b Mohammad Nawaz,23,22,30,3,1,104.55,1,0
18.02.26,Namibia,Pakistan,Jan Frylinck,b Salman Mirza,9,11,16,1,0,81.82,1,0
18.02.26,Namibia,Pakistan,J. Loftie-Eaton,run out (Salman Agha / Saim Ayub),5,5,8,1,0,100.0,1,0
18.02.26,Namibia,Pakistan,Gerhard Erasmus,c Usman Khan b Shadab Khan,7,6,9,1,0,116.67,1,0
18.02.26,Namibia,Pakistan,Alex Volschenk,st Usman Khan b Shadab Khan,20,20,28,1,1,100.0,1,0
18.02.26,Namibia,Pakistan,JJ Smit,c Shadab Khan b Usman Tariq,9,13,18,0,0,69.23,1,0
18.02.26,Namibia,Pakistan,Zane Green,c Saim Ayub b Shadab Khan,7,9,12,0,0,77.78,1,0
18.02.26,Namibia,Pakistan,R. Trumpelmann,b Usman Tariq,0,2,3,0,0,0.0,1,0
18.02.26,Namibia,Pakistan,Willem Myburgh,c Usman Khan b Usman Tariq,8,14,22,0,0,57.14,1,0
18.02.26,Namibia,Pakistan,Bernard Scholtz,b Usman Tariq,1,2,4,0,0,50.0,1,0
18.02.26,Namibia,Pakistan,Jack Brassell,not out,1,1,2,0,0,100.0,1,0
18.02.26,India,Netherlands,Abhishek Sharma,b Aryan Dutt,0,3,4,0,0,0.0,0,1
18.02.26,India,Netherlands,Ishan Kishan,c & b Logan van Beek,18,7,11,3,1,257.14,0,1
18.02.26,India,Netherlands,Tilak Varma,c van der Merwe b Aryan Dutt,31,24,36,3,1,129.17,0,1
18.02.26,India,Netherlands,Suryakumar Yadav,c Levitt b Logan van Beek,34,29,42,2,2,117.24,0,1
18.02.26,India,Netherlands,Shivam Dube,c Noah Croes b van Beek,66,31,48,4,6,212.9,0,1
18.02.26,India,Netherlands,Hardik Pandya,b Kyle Klein,30,21,32,1,3,142.86,0,1
18.02.26,India,Netherlands,Rinku Singh,not out,7,5,8,0,1,140.0,0,1
18.02.26,India,Netherlands,Washington Sundar,not out,1,1,2,0,0,100.0,0,1
18.02.26,Netherlands,India,Michael Levitt,c Sundar b Hardik Pandya,24,23,34,4,0,104.35,1,0
18.02.26,Netherlands,India,Max O'Dowd,b Varun Chakaravarthy,20,18,26,2,1,111.11,1,0
18.02.26,Netherlands,India,Bas de Leede,c Chakaravarthy b Dube,33,23,31,3,1,143.48,1,0
18.02.26,Netherlands,India,Colin Ackermann,c Rinku Singh b Chakaravarthy,23,15,22,1,2,153.33,1,0
18.02.26,Netherlands,India,Aryan Dutt,b Varun Chakaravarthy,0,1,1,0,0,0.0,1,0
18.02.26,Netherlands,India,Scott Edwards,b Jasprit Bumrah,15,10,16,2,0,150.0,1,0
18.02.26,Netherlands,India,Zach Lion-Cachet,c Sundar b Shivam Dube,26,16,24,1,1,162.5,1,0
18.02.26,Netherlands,India,Noah Croes,not out,25,12,18,5,0,208.33,1,0
18.02.26,Netherlands,India,Logan van Beek,not out,4,2,4,1,0,200.0,1,0
19.02.26,West Indies,Italy,Brandon King,c Meade b Ali Hasan,4,6,9,0,0,66.67,0,1
19.02.26,West Indies,Italy,Shai Hope,b Kalugamage,75,46,68,6,4,163.04,0,1
19.02.26,West Indies,Italy,Shimron Hetmyer,c Smuts b Jack Draca,1,4,7,0,0,25.0,0,1
19.02.26,West Indies,Italy,Roston Chase,c A. Mosca b B. Manenti,24,25,38,2,0,96.0,0,1
19.02.26,West Indies,Italy,Rovman Powell,c Kalugamage b B. Manenti,9,9,14,0,1,100.0,0,1
19.02.26,West Indies,Italy,S. Rutherford,not out,24,15,22,2,1,160.0,0,1
19.02.26,West Indies,Italy,Jason Holder,c H. Manenti b Kalugamage,9,7,11,0,1,128.57,0,1
19.02.26,West Indies,Italy,Matthew Forde,not out,16,8,12,3,0,200.0,0,1
19.02.26,Italy,West Indies,Justin Mosca,b Matthew Forde,2,5,8,0,0,40.0,1,0
19.02.26,Italy,West Indies,Anthony Mosca,c Joseph b Akeal Hosein,19,12,19,1,2,158.33,1,0
19.02.26,Italy,West Indies,Syed Naqvi,c Joseph b Matthew Forde,6,10,14,0,0,60.0,1,0
19.02.26,Italy,West Indies,JJ Smuts,c Joseph b Gudakesh Motie,24,27,35,3,0,88.89,1,0
19.02.26,Italy,West Indies,Harry Manenti,c Hope b Shamar Joseph,8,10,16,0,1,80.0,1,0
19.02.26,Italy,West Indies,Ben Manenti,b Gudakesh Motie,26,21,28,2,1,123.81,1,0
19.02.26,Italy,West Indies,Grant Stewart,c Holder b Shamar Joseph,12,7,11,0,1,171.43,1,0
19.02.26,Italy,West Indies,Gian Meade,c Joseph b Matthew Forde,4,8,12,0,0,50.0,1,0
19.02.26,Italy,West Indies,C. Kalugamage,not out,2,3,6,0,0,66.67,1,0
19.02.26,Italy,West Indies,Thomas Draca,c Chase b Shamar Joseph,5,3,5,1,0,166.67,1,0
19.02.26,Italy,West Indies,Ali Hasan,c Hope b Shamar Joseph,0,2,3,0,0,0.0,1,0
19.02.26,Sri Lanka,Zimbabwe,Pathum Nissanka,c Munyonga b Cremer,62,41,58,8,0,151.22,0,0
19.02.26,Sri Lanka,Zimbabwe,Kusal Perera,c Cremer b Muzarabani,22,14,22,4,0,157.14,0,0
19.02.26,Sri Lanka,Zimbabwe,Kusal Mendis,st Marumani b Burl,14,20,31,0,0,70.0,0,0
19.02.26,Sri Lanka,Zimbabwe,Pavan Rathnayake,c Cremer b Brad Evans,44,25,39,3,2,176.0,0,0
19.02.26,Sri Lanka,Zimbabwe,KamIndiau Mendis,c & b Cremer,7,5,8,1,0,140.0,0,0
19.02.26,Sri Lanka,Zimbabwe,Dasun Shanaka,c Musekiwa b Muzarabani,6,7,12,0,0,85.71,0,0
19.02.26,Sri Lanka,Zimbabwe,Dunith Wellalage,not out,15,8,13,3,0,187.5,0,0
19.02.26,Sri Lanka,Zimbabwe,Dushan Hemantha,c Burl b Brad Evans,0,1,2,0,0,0.0,0,0
19.02.26,Sri Lanka,Zimbabwe,M. Theekshana,not out,0,0,1,0,0,0.0,0,0
19.02.26,Zimbabwe,Sri Lanka,Brian Bennett,not out,63,48,74,8,0,131.25,1,1
19.02.26,Zimbabwe,Sri Lanka,T. Marumani,c & b Wellalage,34,26,38,5,1,130.77,1,1
19.02.26,Zimbabwe,Sri Lanka,Ryan Burl,c K. Perera b Shanaka,23,12,18,2,1,191.67,1,1
19.02.26,Zimbabwe,Sri Lanka,Sikandar Raza,c Shanaka b Hemantha,45,26,41,2,4,173.08,1,1
19.02.26,Zimbabwe,Sri Lanka,T. Musekiwa,c Shanaka b Hemantha,1,2,4,0,0,50.0,1,1
19.02.26,Zimbabwe,Sri Lanka,Tony Munyonga,not out,8,3,6,0,1,266.67,1,1
19.02.26,Afghanistan,Canada,R. Gurbaz,c Y. Samra b Jaskarandeep,30,20,28,5,0,150.0,0,1
19.02.26,Afghanistan,Canada,Ibrahim Zadran,not out,95,56,84,7,5,169.64,0,1
19.02.26,Afghanistan,Canada,Gulbadin Naib,lbw b Jaskarandeep,1,2,4,0,0,50.0,0,1
19.02.26,Afghanistan,Canada,Sediqullah Atal,c D. Heyliger b Jaskarandeep,44,32,48,2,2,137.5,0,1
19.02.26,Afghanistan,Canada,Azmat Omarzai,c H. Thaker b D. Heyliger,13,7,10,0,1,185.71,0,1
19.02.26,Afghanistan,Canada,Darwish Rasooli,not out,4,4,6,0,0,100.0,0,1
19.02.26,Canada,Afghanistan,Yuvraj Samra,c Omarzai b M. Nabi,17,14,22,3,0,121.42,1,0
19.02.26,Canada,Afghanistan,Dilpreet Bajwa,b Mujeeb Ur Rahman,13,7,11,0,2,185.71,1,0
19.02.26,Canada,Afghanistan,N. Dhaliwal,c Rasooli b Omarzai,0,5,8,0,0,0.0,1,0
19.02.26,Canada,Afghanistan,Harsh Thaker,c Mujeeb b M. Nabi,30,24,36,3,1,125.0,1,0
19.02.26,Canada,Afghanistan,Nicholas Kirton,c I. Zadran b M. Nabi,10,12,16,2,0,83.33,1,0
19.02.26,Canada,Afghanistan,Shreyas Movva,c Ziaur b Rashid Khan,2,6,9,0,0,33.33,1,0
19.02.26,Canada,Afghanistan,Saad Bin Zafar,b Rashid Khan,28,26,32,3,1,107.69,1,0
19.02.26,Canada,Afghanistan,Dilon Heyliger,c Ahmadzai b M. Nabi,3,8,12,0,0,37.5,1,0
19.02.26,Canada,Afghanistan,Jaskarandeep,not out,7,13,18,0,1,53.84,1,0
19.02.26,Canada,Afghanistan,Ansh Patel,not out,2,5,7,0,0,40.0,1,0
20.02.26,Oman,Australia,Aamir Kaleem,b Xavier Bartlett,0,1,2,0,0,0.0,0,0
20.02.26,Oman,Australia,JatIndiaer Singh,b Xavier Bartlett,17,15,23,3,0,113.33,0,0
20.02.26,Oman,Australia,Karan Sonavale,b Nathan Ellis,12,11,18,2,0,109.09,0,0
20.02.26,Oman,Australia,Hammad Mirza,b Adam Zampa,16,13,21,1,1,123.08,0,0
20.02.26,Oman,Australia,Wasim Ali,b Glenn Maxwell,32,33,46,4,0,96.97,0,0
20.02.26,Oman,Australia,M. Nadeem,lbw b Adam Zampa,2,3,5,0,0,66.67,0,0
20.02.26,Oman,Australia,Vinayak Shukla,c Green b Stoinis,9,8,12,1,0,112.5,0,0
20.02.26,Oman,Australia,Jiten Ramanandi,lbw b Glenn Maxwell,1,3,4,0,0,33.33,0,0
20.02.26,Oman,Australia,Shakeel Ahmed,c Bartlett b Zampa,3,7,11,0,0,42.86,0,0
20.02.26,Oman,Australia,Jay Odedra,not out,4,3,6,1,0,133.33,0,0
20.02.26,Oman,Australia,Shafiq Jan,b Adam Zampa,0,1,1,0,0,0.0,0,0
20.02.26,Australia,Oman,Mitchell Marsh,not out,64,33,48,7,4,193.94,1,1
20.02.26,Australia,Oman,Travis Head,c & b Shakeel Ahmed,32,19,29,6,0,168.42,1,1
20.02.26,Australia,Oman,Josh Inglis,not out,12,6,10,2,0,200.0,1,1
22.02.26,South Africa,India,Aiden Markram (c),c Pandya b Arshdeep Singh,4,7,14,0,0,57.14,0,1
22.02.26,South Africa,India,Quinton de Kock ?,b Bumrah,6,7,9,1,0,85.71,0,1
22.02.26,South Africa,India,Ryan Rickelton,c Dube b Bumrah,7,7,11,0,1,100.0,0,1
22.02.26,South Africa,India,Dewald Brevis,c Abhishek Sharma b Dube,45,29,52,3,3,155.17,0,1
22.02.26,South Africa,India,David Miller,c Tilak Varma b Varun,63,35,65,7,3,180.0,0,1
22.02.26,South Africa,India,Tristan Stubbs,not out,44,24,41,1,3,183.33,0,1
22.02.26,South Africa,India,Marco Jansen,c Singh b Arshdeep Singh,2,6,7,0,0,33.33,0,1
22.02.26,South Africa,India,Corbin Bosch,c & b Bumrah,5,6,6,1,0,83.33,0,1
22.02.26,South Africa,India,Kagiso Rabada,not out,0,1,6,0,0,0.0,0,1
22.02.26,India,South Africa,Ishan Kishan ?,c Rickelton b Markram,0,4,2,0,0,0.0,1,0
22.02.26,India,South Africa,Abhishek Sharma,c Bosch b Jansen,15,12,23,2,1,125.0,1,0
22.02.26,India,South Africa,Tilak Varma,c ?de Kock b Jansen,1,2,3,0,0,50.0,1,0
22.02.26,India,South Africa,Suryakumar Yadav (c),c Brevis b Bosch,18,22,41,2,0,81.81,1,0
22.02.26,India,South Africa,Washington Sundar,c ?de Kock b Bosch,11,11,14,0,1,100.0,1,0
22.02.26,India,South Africa,Shivam Dube,c Ngidi b Jansen,42,37,54,1,3,113.51,1,0
22.02.26,India,South Africa,Hardik Pandya,c Stubbs b Maharaj,18,17,24,0,1,105.88,1,0
22.02.26,India,South Africa,Rinku Singh,c Stubbs b Maharaj,0,2,1,0,0,0.0,1,0
22.02.26,India,South Africa,Arshdeep Singh,c Stubbs b Maharaj,1,2,2,0,0,50.0,1,0
22.02.26,India,South Africa,Varun Chakravarthy,not out,0,3,17,0,0,0.0,1,0
22.02.26,India,South Africa,Jasprit Bumrah,c Markram b Jansen,0,1,1,0,0,0.0,1,0
23.02.26,West Indies,Zimbabwe,Brandon King,c Musekiwa b Ngarava,9,12,13,0,1,75.0,0,1
23.02.26,West Indies,Zimbabwe,Shai Hope (c)?,c Bennett b Evans,14,12,31,2,0,116.66,0,1
23.02.26,West Indies,Zimbabwe,Shimron Hetmyer,c Bennett b Cremer,85,34,66,7,7,250.0,0,1
23.02.26,West Indies,Zimbabwe,Rovman Powell,c Musekiwa b Muzarabani,59,35,59,4,4,168.57,0,1
23.02.26,West Indies,Zimbabwe,Sherfane Rutherford,not out,31,13,35,3,2,238.46,0,1
23.02.26,West Indies,Zimbabwe,Romario Shepherd,c Burl b Ngarava,21,10,12,0,3,210.0,0,1
23.02.26,West Indies,Zimbabwe,Jason Holder,c Munyonga b Muzarabani,13,4,5,0,2,325.0,0,1
23.02.26,West Indies,Zimbabwe,Matthew Forde,not out,1,1,3,0,0,100.0,0,1
23.02.26,Zimbabwe,West Indies,Tadiwanashe Marumani ?,c Hetmyer b Forde,14,8,11,2,1,175.0,1,0
23.02.26,Zimbabwe,West Indies,Brian Bennett,b Hosein,5,5,13,1,0,100.0,1,0
23.02.26,Zimbabwe,West Indies,Dion Myers,b Motie,28,15,24,3,2,186.66,1,0
23.02.26,Zimbabwe,West Indies,Ryan Burl,c Hetmyer b Hosein,0,3,2,0,0,0.0,1,0
23.02.26,Zimbabwe,West Indies,Sikandar Raza (c),b Motie,27,20,39,2,2,135.0,1,0
23.02.26,Zimbabwe,West Indies,Tony Munyonga,c Joseph b Motie,14,16,28,0,1,87.5,1,0
23.02.26,Zimbabwe,West Indies,Tashinga Musekiwa,b Motie,0,1,1,0,0,0.0,1,0
23.02.26,Zimbabwe,West Indies,Brad Evans,c Hosein b Forde,43,21,36,2,5,204.76,1,0
23.02.26,Zimbabwe,West Indies,Graeme Cremer,c & b Holder,0,6,4,0,0,0.0,1,0
23.02.26,Zimbabwe,West Indies,Blessing Muzarabani,c Joseph b Hosein,0,5,4,0,0,0.0,1,0
23.02.26,Zimbabwe,West Indies,Richard Ngarava,not out,7,6,16,0,1,116.66,1,0
24.02.26,England,Pakistan,Phil Salt,c ?Usman Khan b Shaheen Afridi,0,1,1,0,0,0.0,0,1
24.02.26,England,Pakistan,Jos Buttler ?,c ?Usman Khan b Shaheen Afridi,2,3,13,0,0,66.66,0,1
24.02.26,England,Pakistan,Harry Brook (c),b Shaheen Afridi,100,51,85,10,4,196.07,0,1
24.02.26,England,Pakistan,Jacob Bethell,c Farhan b Shaheen Afridi,8,10,10,1,0,80.0,0,1
24.02.26,England,Pakistan,Tom Banton,c ?Usman Khan b Usman Tariq,2,6,14,0,0,33.33,0,1
24.02.26,England,Pakistan,Sam Curran,c Mohammad Nawaz b Usman Tariq,16,15,20,1,0,106.66,0,1
24.02.26,England,Pakistan,Will Jacks,b Mohammad Nawaz,28,23,34,1,2,121.73,0,1
24.02.26,England,Pakistan,Jamie Overton,st ?Usman Khan b Mohammad Nawaz,0,3,10,0,0,0.0,0,1
24.02.26,England,Pakistan,Liam Dawson,not out,1,1,6,0,0,100.0,0,1
24.02.26,England,Pakistan,Jofra Archer,not out,5,2,3,1,0,250.0,0,1
24.02.26,Pakistan,England,Sahibzada Farhan,lbw b Overton,63,45,71,7,2,140.0,1,0
24.02.26,Pakistan,England,Saim Ayub,c Bethell b Archer,7,7,10,1,0,100.0,1,0
24.02.26,Pakistan,England,Salman Agha (c),c Overton b Dawson,5,6,6,1,0,83.33,1,0
24.02.26,Pakistan,England,Babar Azam,b Overton,25,24,30,2,0,104.16,1,0
24.02.26,Pakistan,England,Fakhar Zaman,c Dawson b Rashid,25,16,27,2,2,156.25,1,0
24.02.26,Pakistan,England,Shadab Khan,run out (Bethell/?Buttler),23,11,23,4,0,209.09,1,0
24.02.26,Pakistan,England,Usman Khan ?,c Overton b Dawson,8,5,5,0,1,160.0,1,0
24.02.26,Pakistan,England,Mohammad Nawaz,lbw b Dawson,0,1,1,0,0,0.0,1,0
24.02.26,Pakistan,England,Shaheen Shah Afridi,c Curran b Archer,2,3,3,0,0,66.66,1,0
24.02.26,Pakistan,England,Salman Mirza,not out,2,3,7,0,0,66.66,1,0
25.02.26,New Zealand,Sri Lanka,Tim Seifert ?,c PHKD Mendis b Chameera,8,9,22,1,0,88.88,0,1
25.02.26,New Zealand,Sri Lanka,Finn Allen,c & b Theekshana,23,13,16,3,1,176.92,0,1
25.02.26,New Zealand,Sri Lanka,Rachin RavIndiara,c Hemantha b Theekshana,32,22,42,3,1,145.45,0,1
25.02.26,New Zealand,Sri Lanka,Glenn Phillips,b Chameera,18,18,25,1,0,100.0,0,1
25.02.26,New Zealand,Sri Lanka,Daryl Mitchell,b Wellalage,3,7,15,0,0,42.85,0,1
25.02.26,New Zealand,Sri Lanka,Mark Chapman,b Theekshana,0,2,1,0,0,0.0,0,1
25.02.26,New Zealand,Sri Lanka,Mitchell Santner (c),c Asalanka b Chameera,47,26,44,2,4,180.76,0,1
25.02.26,New Zealand,Sri Lanka,Cole McConchie,not out,31,23,40,3,2,134.78,0,1
25.02.26,Sri Lanka,New Zealand,Pathum Nissanka,b Henry,0,1,1,0,0,0.0,1,0
25.02.26,Sri Lanka,New Zealand,Kusal Mendis ?,st ?Seifert b RavIndiara,11,22,35,1,0,50.0,1,0
25.02.26,Sri Lanka,New Zealand,Charith Asalanka,c Mitchell b Henry,5,9,8,1,0,55.55,1,0
25.02.26,Sri Lanka,New Zealand,Pavan Rathnayake,st ?Seifert b RavIndiara,10,18,26,0,0,55.55,1,0
25.02.26,Sri Lanka,New Zealand,KamIndiau Mendis,c Phillips b Santner,31,23,32,4,0,134.78,1,0
25.02.26,Sri Lanka,New Zealand,Dasun Shanaka (c),c Allen b RavIndiara,3,5,9,0,0,60.0,1,0
25.02.26,Sri Lanka,New Zealand,Dushan Hemantha,c Mitchell b RavIndiara,3,6,7,0,0,50.0,1,0
25.02.26,Sri Lanka,New Zealand,Dunith Wellalage,c RavIndiara b Phillips,29,23,32,2,1,126.08,1,0
25.02.26,Sri Lanka,New Zealand,Dushmantha Chameera,not out,7,12,21,0,0,58.33,1,0
25.02.26,Sri Lanka,New Zealand,Maheesh Theekshana,not out,1,1,2,0,0,100.0,1,0
26.02.26,West Indies,South Africa,Brandon King,c ?de Kock b Ngidi,21,11,18,5,0,190.9,0,0
26.02.26,West Indies,South Africa,Shai Hope (c)?,c ?de Kock b Rabada,16,6,10,1,2,266.66,0,0
26.02.26,West Indies,South Africa,Shimron Hetmyer,c Maharaj b Rabada,2,3,2,0,0,66.66,0,0
26.02.26,West Indies,South Africa,Rovman Powell,c Brevis b Ngidi,9,11,30,1,0,81.81,0,0
26.02.26,West Indies,South Africa,Roston Chase,b Ngidi,2,2,2,0,0,100.0,0,0
26.02.26,West Indies,South Africa,Sherfane Rutherford,c ?de Kock b Bosch,12,10,14,0,1,120.0,0,0
26.02.26,West Indies,South Africa,Jason Holder,run out (?de Kock/Bosch),49,31,63,4,3,158.06,0,0
26.02.26,West Indies,South Africa,Matthew Forde,c Rickelton b Bosch,11,9,9,1,1,122.22,0,0
26.02.26,West Indies,South Africa,Romario Shepherd,not out,52,37,46,3,4,140.54,0,0
26.02.26,West Indies,South Africa,Gudakesh Motie,not out,0,0,1,0,0,0.0,0,0
26.02.26,South Africa,West Indies,Aiden Markram (c),not out,82,46,81,7,4,178.26,1,1
26.02.26,South Africa,West Indies,Quinton de Kock ?,c Holder b Chase,47,24,40,4,4,195.83,1,1
26.02.26,South Africa,West Indies,Ryan Rickelton,not out,45,28,41,4,2,160.71,1,1
26.02.26,India,Zimbabwe,Sanju Samson ?,c Burl b Muzarabani,24,15,21,1,2,160.0,0,1
26.02.26,India,Zimbabwe,Abhishek Sharma,c Sikandar Raza b Maposa,55,30,65,4,4,183.33,0,1
26.02.26,India,Zimbabwe,Ishan Kishan,c Ngarava b Sikandar Raza,38,24,30,4,1,158.33,0,1
26.02.26,India,Zimbabwe,Suryakumar Yadav (c),c Musekiwa b Ngarava,33,13,25,3,2,253.84,0,1
26.02.26,India,Zimbabwe,Hardik Pandya,not out,50,23,39,2,4,217.39,0,1
26.02.26,India,Zimbabwe,Tilak Varma,not out,44,16,26,3,4,275.0,0,1
26.02.26,Zimbabwe,India,Brian Bennett,not out,97,59,95,8,6,164.4,1,0
26.02.26,Zimbabwe,India,Tadiwanashe Marumani ?,c Ishan Kishan b Patel,20,20,32,0,2,100.0,1,0
26.02.26,Zimbabwe,India,Dion Myers,c Tilak Varma b Varun,6,9,12,0,0,66.66,1,0
26.02.26,Zimbabwe,India,Sikandar Raza (c),c Abhishek Sharma b Arshdeep Singh,31,21,29,2,2,147.61,1,0
26.02.26,Zimbabwe,India,Ryan Burl,lbw b Arshdeep Singh,0,2,2,0,0,0.0,1,0
26.02.26,Zimbabwe,India,Tony Munyonga,b Arshdeep Singh,11,6,8,2,0,183.33,1,0
26.02.26,Zimbabwe,India,Tashinga Musekiwa,c ?Samson b Dube,7,4,7,0,1,175.0,1,0
26.02.26,Zimbabwe,India,Brad Evans,not out,1,1,2,0,0,100.0,1,0
27.02.26,New Zealand,England,Tim Seifert,st Buttler b Adil Rashid,35,25,38,3,2,140.0,0,0
27.02.26,New Zealand,England,Finn Allen,c Bethell b Will Jacks,29,19,26,0,3,152.63,0,0
27.02.26,New Zealand,England,Rachin Ravindra,c Bethell b Rehan Ahmed,11,13,19,1,0,84.61,0,0
27.02.26,New Zealand,England,Glenn Phillips,b Will Jacks,39,28,44,4,1,139.28,0,0
27.02.26,New Zealand,England,Mark Chapman,st Buttler b Adil Rashid,15,9,13,2,0,166.67,0,0
27.02.26,New Zealand,England,Daryl Mitchell,c Jacks b Liam Dawson,3,8,12,0,0,37.5,0,0
27.02.26,New Zealand,England,Mitchell Santner,not out,9,5,8,0,1,180.0,0,0
27.02.26,New Zealand,England,Cole McConchie,b Rehan Ahmed,14,12,17,2,0,116.67,0,0
27.02.26,New Zealand,England,Matt Henry,not out,1,1,2,0,0,100.0,0,0
27.02.26,England,New Zealand,Phil Salt,c Seifert b Matt Henry,2,4,6,0,0,50.0,1,1
27.02.26,England,New Zealand,Jos Buttler,c Seifert b L. Ferguson,0,2,4,0,0,0.0,1,1
27.02.26,England,New Zealand,Harry Brook,c Mitchell b G. Phillips,26,24,36,3,1,108.33,1,1
27.02.26,England,New Zealand,Jacob Bethell,c Phillips b R. Ravindra,21,16,24,4,0,131.25,1,1
27.02.26,England,New Zealand,Tom Banton,c Chapman b R. Ravindra,33,24,35,3,1,137.5,1,1
27.02.26,England,New Zealand,Sam Curran,c Phillips b R. Ravindra,24,22,31,2,1,109.09,1,1
27.02.26,England,New Zealand,Will Jacks,not out,32,18,28,4,1,177.77,1,1
27.02.26,England,New Zealand,Rehan Ahmed,not out,19,7,11,1,2,271.42,1,1
28.02.26,Pakistan,Sri Lanka,Sahibzada Farhan,c Liyanage b Madushanka,100,60,94,9,5,166.67,0,1
28.02.26,Pakistan,Sri Lanka,Fakhar Zaman,b D. Chameera,84,42,68,9,4,200.0,0,1
28.02.26,Pakistan,Sri Lanka,Salman Agha,c Theekshana b Shanaka,0,2,4,0,0,0.0,0,1
28.02.26,Pakistan,Sri Lanka,Khawaja Nafay,b Dasun Shanaka,5,6,9,1,0,83.33,0,1
28.02.26,Pakistan,Sri Lanka,Usman Khan,not out,4,2,5,1,0,200.0,0,1
28.02.26,Pakistan,Sri Lanka,Shadab Khan,b Dilshan Madushanka,2,3,4,0,0,66.67,0,1
28.02.26,Pakistan,Sri Lanka,Mohammad Nawaz,c Theekshana b Shanaka,0,1,2,0,0,0.0,0,1
28.02.26,Pakistan,Sri Lanka,Shaheen Afridi,lbw b Dilshan Madushanka,4,2,3,1,0,200.0,0,1
28.02.26,Pakistan,Sri Lanka,Naseem Shah,not out,1,1,2,0,0,100.0,0,1
28.02.26,Sri Lanka,Pakistan,Pathum Nissanka,b Naseem Shah,8,7,12,1,0,114.28,1,0
28.02.26,Sri Lanka,Pakistan,Kamil Mishara,b Abrar Ahmed,26,15,24,4,1,173.33,1,0
28.02.26,Sri Lanka,Pakistan,Charith Asalanka,b Abrar Ahmed,25,18,29,3,1,138.88,1,0
28.02.26,Sri Lanka,Pakistan,Pavan Rathnayake,c (sub) Ayub b Afridi,58,37,56,3,4,156.75,1,0
28.02.26,Sri Lanka,Pakistan,Kamindu Mendis,b Abrar Ahmed,3,6,9,0,0,50.0,1,0
28.02.26,Sri Lanka,Pakistan,Janith Liyanage,b Mohammad Nawaz,4,7,11,0,0,57.14,1,0
28.02.26,Sri Lanka,Pakistan,Dasun Shanaka,not out,76,31,42,2,8,245.16,1,0
28.02.26,Sri Lanka,Pakistan,Dunith Wellalage,not out,2,3,5,0,0,66.66,1,0
